seed,t,mid_to_final_rmsd,mid_to_final_mae
42,0.009999999776482582,0.42114371061325073,0.21242594718933105
42,0.010990990325808525,0.4214830994606018,0.21259483695030212
42,0.011981981806457043,0.4208570718765259,0.2123872935771942
42,0.01297297328710556,0.4206866919994354,0.21231728792190552
42,0.013963963836431503,0.4207589030265808,0.21214792132377625
42,0.014954954385757446,0.4207330644130707,0.21208396553993225
42,0.01594594493508339,0.4210440516471863,0.21222639083862305
42,0.01693693734705448,0.4211871325969696,0.21228764951229095
42,0.017927927896380424,0.42191991209983826,0.21252676844596863
42,0.018918918445706367,0.42224058508872986,0.21266895532608032
42,0.01990991085767746,0.4224802851676941,0.21273550391197205
42,0.020900901407003403,0.42208272218704224,0.2125493735074997
42,0.021891891956329346,0.42141368985176086,0.2122083604335785
42,0.02288288250565529,0.42107683420181274,0.2119942307472229
42,0.02387387305498123,0.4207608103752136,0.2117461860179901
42,0.024864865466952324,0.4213046431541443,0.21191895008087158
42,0.025855856016278267,0.4210796654224396,0.21161000430583954
42,0.02684684656560421,0.42095714807510376,0.2113473266363144
42,0.027837838977575302,0.4210580587387085,0.21124105155467987
42,0.028828829526901245,0.42134594917297363,0.21138624846935272
42,0.029819820076227188,0.42137014865875244,0.21137270331382751
42,0.03081081062555313,0.4209657907485962,0.21107348799705505
42,0.031801801174879074,0.420427143573761,0.21075952053070068
42,0.03279279172420502,0.4201121926307678,0.21059101819992065
42,0.03378378599882126,0.42039424180984497,0.21068476140499115
42,0.0347747765481472,0.42098480463027954,0.21098953485488892
42,0.035765767097473145,0.42010337114334106,0.21052730083465576
42,0.03675675764679909,0.41821226477622986,0.20946037769317627
42,0.03774774819612503,0.4177871346473694,0.2093430757522583
42,0.038738738745450974,0.4170405864715576,0.20891427993774414
42,0.039729729294776917,0.4163377285003662,0.2082607001066208
42,0.04072071984410286,0.4165295958518982,0.2082100361585617
42,0.0417117103934288,0.4167923927307129,0.208297997713089
42,0.042702704668045044,0.416450560092926,0.20796583592891693
42,0.04369369521737099,0.4158165454864502,0.2074958086013794
42,0.04468468576669693,0.41562408208847046,0.20707926154136658
42,0.04567567631602287,0.41405999660491943,0.20612820982933044
42,0.046666666865348816,0.41186028718948364,0.2048608660697937
42,0.04765765741467476,0.4096379578113556,0.2035924643278122
42,0.0486486479640007,0.40776368975639343,0.20266547799110413
42,0.04963964223861694,0.4058683216571808,0.20180881023406982
42,0.050630632787942886,0.40438294410705566,0.20109951496124268
42,0.05162162333726883,0.40290898084640503,0.19993174076080322
42,0.05261261388659477,0.4018704295158386,0.19891612231731415
42,0.053603604435920715,0.4007261395454407,0.1979333609342575
42,0.05459459498524666,0.399614155292511,0.1975320428609848
42,0.0555855855345726,0.39959120750427246,0.19777320325374603
42,0.056576576083898544,0.3983384668827057,0.19735905528068542
42,0.05756756663322449,0.39684680104255676,0.1966763138771057
42,0.05855856090784073,0.39559999108314514,0.19607685506343842
42,0.05954955145716667,0.39504045248031616,0.1957777738571167
42,0.060540542006492615,0.39447787404060364,0.19543509185314178
42,0.06153153255581856,0.39386671781539917,0.19511114060878754
42,0.0625225231051445,0.39304378628730774,0.19463250041007996
42,0.06351351737976074,0.3924659192562103,0.19434762001037598
42,0.06450450420379639,0.39199522137641907,0.1941012740135193
42,0.06549549847841263,0.39132583141326904,0.1937774419784546
42,0.06648648530244827,0.39070990681648254,0.1937699168920517
42,0.06747747957706451,0.39031973481178284,0.19378060102462769
42,0.06846846640110016,0.3900429606437683,0.19381152093410492
42,0.0694594606757164,0.389904260635376,0.19384443759918213
42,0.07045045495033264,0.3897036910057068,0.19375383853912354
42,0.07144144177436829,0.3893815577030182,0.19369690120220184
42,0.07243243604898453,0.38915887475013733,0.19372443854808807
42,0.07342342287302017,0.3889853060245514,0.19383341073989868
42,0.07441441714763641,0.38883063197135925,0.1939713954925537
42,0.07540540397167206,0.38869941234588623,0.19411417841911316
42,0.0763963982462883,0.3885689377784729,0.19407901167869568
42,0.07738739252090454,0.3884163200855255,0.19406485557556152
42,0.07837837934494019,0.38826799392700195,0.19415192306041718
42,0.07936937361955643,0.38819339871406555,0.19422399997711182
42,0.08036036044359207,0.3880535066127777,0.19422289729118347
42,0.08135135471820831,0.38783273100852966,0.1941528022289276
42,0.08234234154224396,0.3877144753932953,0.19419799745082855
42,0.0833333358168602,0.3877161741256714,0.19432222843170166
42,0.08432432264089584,0.3875315487384796,0.19434231519699097
42,0.08531531691551208,0.3873634934425354,0.194284126162529
42,0.08630631119012833,0.38725942373275757,0.19422060251235962
42,0.08729729801416397,0.3870062232017517,0.19418951869010925
42,0.08828829228878021,0.3868062496185303,0.19409304857254028
42,0.08927927911281586,0.3867308497428894,0.19399845600128174
42,0.0902702733874321,0.38662829995155334,0.19391188025474548
42,0.09126126021146774,0.38644397258758545,0.1938537061214447
42,0.09225225448608398,0.3863726854324341,0.19380562007427216
42,0.09324324131011963,0.3864961564540863,0.1938973367214203
42,0.09423423558473587,0.3863554000854492,0.1939096450805664
42,0.09522522985935211,0.3861520290374756,0.1938072144985199
42,0.09621621668338776,0.3859957456588745,0.1937474012374878
42,0.097207210958004,0.38578879833221436,0.1936945617198944
42,0.09819819778203964,0.3855482339859009,0.1935911774635315
42,0.09918919205665588,0.38527199625968933,0.19353321194648743
42,0.10018017888069153,0.38508978486061096,0.19354185461997986
42,0.10117117315530777,0.38489148020744324,0.19351033866405487
42,0.10216216742992401,0.38466230034828186,0.19349853694438934
42,0.10315315425395966,0.38444608449935913,0.19340398907661438
42,0.1041441485285759,0.3843331038951874,0.19339041411876678
42,0.10513513535261154,0.3841102719306946,0.1932840198278427
42,0.10612612962722778,0.38390496373176575,0.19315561652183533
42,0.10711711645126343,0.3838058412075043,0.19297856092453003
42,0.10810811072587967,0.3836310803890228,0.19275663793087006
42,0.10909910500049591,0.3834077715873718,0.19256865978240967
42,0.11009009182453156,0.3833160102367401,0.19251340627670288
42,0.1110810860991478,0.3832067847251892,0.19251644611358643
42,0.11207207292318344,0.3830881714820862,0.19249534606933594
42,0.11306306719779968,0.3830043077468872,0.192489355802536
42,0.11405405402183533,0.38298189640045166,0.19245606660842896
42,0.11504504829645157,0.3828892111778259,0.1924857199192047
42,0.11603603512048721,0.382790744304657,0.19249564409255981
42,0.11702702939510345,0.3827500343322754,0.19246146082878113
42,0.1180180236697197,0.3827185034751892,0.1924661099910736
42,0.11900901049375534,0.38262277841567993,0.19246670603752136
42,0.12000000476837158,0.382543683052063,0.19239741563796997
42,0.12099099159240723,0.3825196921825409,0.19242970645427704
42,0.12198198586702347,0.38255971670150757,0.19246640801429749
42,0.12297297269105911,0.38257452845573425,0.19246897101402283
42,0.12396396696567535,0.3825264275074005,0.19242483377456665
42,0.124954953789711,0.3824625015258789,0.19244301319122314
42,0.12594595551490784,0.38239195942878723,0.19241178035736084
42,0.12693694233894348,0.382404088973999,0.19241689145565033
42,0.12792792916297913,0.38244718313217163,0.1924697607755661
42,0.12891891598701477,0.38245636224746704,0.1924438178539276
42,0.1299099177122116,0.3824363946914673,0.19240710139274597
42,0.13090090453624725,0.3824712634086609,0.19242453575134277
42,0.1318918913602829,0.38251960277557373,0.19242148101329803
42,0.13288289308547974,0.38251906633377075,0.19241949915885925
42,0.13387387990951538,0.38254013657569885,0.19240674376487732
42,0.13486486673355103,0.3825644254684448,0.19240432977676392
42,0.13585585355758667,0.3825508952140808,0.19238805770874023
42,0.1368468552827835,0.38251328468322754,0.19234226644039154
42,0.13783784210681915,0.38253486156463623,0.19234798848628998
42,0.1388288289308548,0.38251984119415283,0.19234046339988708
42,0.13981981575489044,0.3825017213821411,0.19228020310401917
42,0.14081081748008728,0.3825399875640869,0.19223710894584656
42,0.14180180430412292,0.38256707787513733,0.19227831065654755
42,0.14279279112815857,0.3825211524963379,0.192330002784729
42,0.1437837928533554,0.3824719786643982,0.1922387331724167
42,0.14477477967739105,0.38248762488365173,0.19222435355186462
42,0.1457657665014267,0.38252848386764526,0.1922002136707306
42,0.14675675332546234,0.38249653577804565,0.19220316410064697
42,0.14774775505065918,0.38246917724609375,0.19221338629722595
42,0.14873874187469482,0.3824937343597412,0.1922786831855774
42,0.14972972869873047,0.38250935077667236,0.19234620034694672
42,0.1507207304239273,0.3824766278266907,0.1923302412033081
42,0.15171171724796295,0.3824794590473175,0.19226562976837158
42,0.1527027040719986,0.3825041651725769,0.19221031665802002
42,0.15369369089603424,0.38247430324554443,0.19221949577331543
42,0.15468469262123108,0.3824276924133301,0.19224464893341064
42,0.15567567944526672,0.3824191093444824,0.1922529935836792
42,0.15666666626930237,0.38243383169174194,0.19220636785030365
42,0.1576576679944992,0.3824402689933777,0.19218221306800842
42,0.15864865481853485,0.3824281394481659,0.19219598174095154
42,0.1596396416425705,0.3823988437652588,0.19219624996185303
42,0.16063062846660614,0.3823995888233185,0.19221970438957214
42,0.16162163019180298,0.382411926984787,0.19219174981117249
42,0.16261261701583862,0.38243380188941956,0.19221536815166473
42,0.16360360383987427,0.38240212202072144,0.19218778610229492
42,0.1645945906639099,0.38236701488494873,0.19210872054100037
42,0.16558559238910675,0.38238686323165894,0.19208797812461853
42,0.1665765792131424,0.3823939263820648,0.1920764148235321
42,0.16756756603717804,0.38238638639450073,0.19202499091625214
42,0.16855856776237488,0.38241052627563477,0.19210100173950195
42,0.16954955458641052,0.38240477442741394,0.1921134889125824
42,0.17054054141044617,0.3823716640472412,0.19214117527008057
42,0.1715315282344818,0.3823617398738861,0.1921370029449463
42,0.17252252995967865,0.38240185379981995,0.19217023253440857
42,0.1735135167837143,0.38242632150650024,0.1921079158782959
42,0.17450450360774994,0.3823440372943878,0.19207549095153809
42,0.17549550533294678,0.3823111653327942,0.1920369565486908
42,0.17648649215698242,0.38235002756118774,0.19203972816467285
42,0.17747747898101807,0.3823840618133545,0.19204120337963104
42,0.1784684658050537,0.3823840022087097,0.19192132353782654
42,0.17945946753025055,0.38238900899887085,0.19186048209667206
42,0.1804504543542862,0.3824155032634735,0.19188325107097626
42,0.18144144117832184,0.38240715861320496,0.19190239906311035
42,0.18243244290351868,0.3823739290237427,0.1918824315071106
42,0.18342342972755432,0.3823859691619873,0.1919025182723999
42,0.18441441655158997,0.38240712881088257,0.19195672869682312
42,0.1854054033756256,0.382425993680954,0.19197574257850647
42,0.18639640510082245,0.38244956731796265,0.19193801283836365
42,0.1873873919248581,0.3824635446071625,0.19189438223838806
42,0.18837837874889374,0.38247692584991455,0.19188395142555237
42,0.18936938047409058,0.38250383734703064,0.19190731644630432
42,0.19036036729812622,0.38253432512283325,0.1918584108352661
42,0.19135135412216187,0.3825397193431854,0.19176912307739258
42,0.1923423409461975,0.3825405240058899,0.19182395935058594
42,0.19333334267139435,0.382525235414505,0.1919005811214447
42,0.19432432949543,0.3824852705001831,0.1919175237417221
42,0.19531531631946564,0.3825031518936157,0.19188985228538513
42,0.19630631804466248,0.3825552463531494,0.1919185370206833
42,0.19729730486869812,0.3825686573982239,0.19194036722183228
42,0.19828829169273376,0.3825455605983734,0.19195562601089478
42,0.1992792785167694,0.38250985741615295,0.1919126808643341
42,0.20027028024196625,0.38251975178718567,0.19191309809684753
42,0.2012612670660019,0.38255369663238525,0.19191062450408936
42,0.20225225389003754,0.38256216049194336,0.19186078011989594
42,0.20324324071407318,0.3825935125350952,0.19185379147529602
42,0.20423424243927002,0.382624089717865,0.19195227324962616
42,0.20522522926330566,0.3825949430465698,0.19199761748313904
42,0.2062162160873413,0.38253623247146606,0.19196109473705292
42,0.20720721781253815,0.3825474977493286,0.19197550415992737
42,0.2081982046365738,0.38258251547813416,0.19197562336921692
42,0.20918919146060944,0.3825690448284149,0.19192856550216675
42,0.21018017828464508,0.3825673460960388,0.1918974369764328
42,0.21117118000984192,0.3826238512992859,0.1919862926006317
42,0.21216216683387756,0.38266271352767944,0.19203758239746094
42,0.2131531536579132,0.38267815113067627,0.19201573729515076
42,0.21414415538311005,0.3826511800289154,0.19195102155208588
42,0.2151351422071457,0.3826698064804077,0.19194242358207703
42,0.21612612903118134,0.3826829195022583,0.19196006655693054
42,0.21711711585521698,0.38268280029296875,0.1919851303100586
42,0.21810811758041382,0.3826983571052551,0.19197198748588562
42,0.21909910440444946,0.38271987438201904,0.19196128845214844
42,0.2200900912284851,0.3827201724052429,0.19201615452766418
42,0.22108109295368195,0.38276615738868713,0.19204124808311462
42,0.2220720797777176,0.3827834725379944,0.19197873771190643
42,0.22306306660175323,0.3828061819076538,0.1919880360364914
42,0.22405405342578888,0.3828042149543762,0.192050501704216
42,0.22504505515098572,0.3828175365924835,0.19204699993133545
42,0.22603604197502136,0.38281872868537903,0.19203530251979828
42,0.227027028799057,0.3828367292881012,0.19202451407909393
42,0.22801801562309265,0.3828525245189667,0.19206374883651733
42,0.2290090173482895,0.38284415006637573,0.19207748770713806
42,0.23000000417232513,0.38282015919685364,0.19204799830913544
42,0.23099099099636078,0.3828273415565491,0.19208280742168427
42,0.23198199272155762,0.3828425407409668,0.19216251373291016
42,0.23297297954559326,0.38285088539123535,0.19220194220542908
42,0.2339639663696289,0.38285887241363525,0.19221699237823486
42,0.23495495319366455,0.3829038441181183,0.19221854209899902
42,0.2359459549188614,0.3829376697540283,0.19219176471233368
42,0.23693694174289703,0.38289114832878113,0.19214902818202972
42,0.23792792856693268,0.38288044929504395,0.1921580284833908
42,0.23891893029212952,0.38289713859558105,0.19220058619976044
42,0.23990991711616516,0.38291165232658386,0.1921887844800949
42,0.2409009039402008,0.3829118013381958,0.19219224154949188
42,0.24189189076423645,0.3829174041748047,0.19222168624401093
42,0.2428828924894333,0.3829402029514313,0.1922551840543747
42,0.24387387931346893,0.3829294443130493,0.19228529930114746
42,0.24486486613750458,0.3829216957092285,0.19229893386363983
42,0.24585586786270142,0.3829435706138611,0.1923186033964157
42,0.24684685468673706,0.382976233959198,0.1922767162322998
42,0.2478378415107727,0.3829779028892517,0.1923091858625412
42,0.24882882833480835,0.3829461336135864,0.1923152059316635
42,0.2498198300600052,0.38292375206947327,0.19230763614177704
42,0.25081080198287964,0.3829668164253235,0.19235560297966003
42,0.25180181860923767,0.3830094337463379,0.19237849116325378
42,0.2527928054332733,0.38302767276763916,0.19232921302318573
42,0.25378379225730896,0.38303226232528687,0.19229170680046082
42,0.2547747790813446,0.3830462098121643,0.19238142669200897
42,0.25576576590538025,0.3830614686012268,0.1924441158771515
42,0.2567567527294159,0.3830564320087433,0.19242224097251892
42,0.25774773955345154,0.38307467103004456,0.19237813353538513
42,0.25873875617980957,0.38310253620147705,0.1923837959766388
42,0.2597297430038452,0.3831360638141632,0.19242867827415466
42,0.26072072982788086,0.38312846422195435,0.1924378126859665
42,0.2617117166519165,0.383146733045578,0.1924656331539154
42,0.26270270347595215,0.38314956426620483,0.19252446293830872
42,0.2636936902999878,0.38314104080200195,0.19252917170524597
42,0.26468467712402344,0.383137047290802,0.19250832498073578
42,0.26567569375038147,0.38316527009010315,0.19251464307308197
42,0.2666666805744171,0.38318127393722534,0.1925564706325531
42,0.26765766739845276,0.383175790309906,0.19255879521369934
42,0.2686486542224884,0.38314130902290344,0.1925433874130249
42,0.26963964104652405,0.38316166400909424,0.19250361621379852
42,0.2706306278705597,0.38316914439201355,0.19245414435863495
42,0.27162161469459534,0.3831469714641571,0.19240586459636688
42,0.27261263132095337,0.38315898180007935,0.19240370392799377
42,0.273603618144989,0.38315263390541077,0.1923873871564865
42,0.27459460496902466,0.3831726610660553,0.19241629540920258
42,0.2755855917930603,0.38317328691482544,0.19243215024471283
42,0.27657657861709595,0.3831638693809509,0.1924496293067932
42,0.2775675654411316,0.38318878412246704,0.19247393310070038
42,0.27855855226516724,0.38320428133010864,0.19247934222221375
42,0.27954956889152527,0.3831879496574402,0.19245445728302002
42,0.2805405557155609,0.38315799832344055,0.19239789247512817
42,0.28153154253959656,0.38316503167152405,0.1923995465040207
42,0.2825225293636322,0.3831971287727356,0.19242775440216064
42,0.28351351618766785,0.3831956684589386,0.19243323802947998
42,0.2845045030117035,0.38315504789352417,0.19239100813865662
42,0.28549548983573914,0.3831392824649811,0.19242095947265625
42,0.28648650646209717,0.3831459879875183,0.19248497486114502
42,0.2874774932861328,0.383132666349411,0.19249939918518066
42,0.28846848011016846,0.3831058740615845,0.19248060882091522
42,0.2894594669342041,0.38312429189682007,0.19251805543899536
42,0.29045045375823975,0.38318103551864624,0.19256636500358582
42,0.2914414405822754,0.3831973373889923,0.1925000250339508
42,0.29243242740631104,0.3831943869590759,0.19241613149642944
42,0.29342344403266907,0.38317006826400757,0.19239172339439392
42,0.2944144308567047,0.3831433653831482,0.1924041211605072
42,0.29540541768074036,0.38313204050064087,0.19239012897014618
42,0.296396404504776,0.38314229249954224,0.19237053394317627
42,0.29738739132881165,0.3831658363342285,0.19233295321464539
42,0.2983783781528473,0.3831826150417328,0.19235603511333466
42,0.29936936497688293,0.3831622004508972,0.1923595666885376
42,0.30036038160324097,0.38315635919570923,0.19236254692077637
42,0.3013513684272766,0.38318362832069397,0.19238930940628052
42,0.30234235525131226,0.3831942677497864,0.19239231944084167
42,0.3033333420753479,0.38320302963256836,0.19236807525157928
42,0.30432432889938354,0.38321757316589355,0.19236037135124207
42,0.3053153157234192,0.3832393288612366,0.19239160418510437
42,0.30630630254745483,0.38321539759635925,0.19239884614944458
42,0.3072972893714905,0.3831956386566162,0.19234900176525116
42,0.3082883059978485,0.38321006298065186,0.19234371185302734
42,0.30927929282188416,0.38322681188583374,0.19232666492462158
42,0.3102702796459198,0.383240669965744,0.19232210516929626
42,0.31126126646995544,0.3832206428050995,0.1923542022705078
42,0.3122522532939911,0.383221298456192,0.19239948689937592
42,0.31324324011802673,0.3832193911075592,0.19239825010299683
42,0.3142342269420624,0.3832167685031891,0.1924092173576355
42,0.3152252435684204,0.3832276165485382,0.19233736395835876
42,0.31621623039245605,0.38325026631355286,0.19230926036834717
42,0.3172072172164917,0.38327330350875854,0.19235073029994965
42,0.31819820404052734,0.38328108191490173,0.19235166907310486
42,0.319189190864563,0.3832464814186096,0.19230082631111145
42,0.32018017768859863,0.3832339942455292,0.19229981303215027
42,0.3211711645126343,0.3832494914531708,0.1922982633113861
42,0.3221621811389923,0.3832553029060364,0.19229452311992645
42,0.32315316796302795,0.3832307457923889,0.19226261973381042
42,0.3241441547870636,0.38324207067489624,0.19228169322013855
42,0.32513514161109924,0.3832760155200958,0.1923162192106247
42,0.3261261284351349,0.383270263671875,0.19232885539531708
42,0.32711711525917053,0.38324713706970215,0.19228266179561615
42,0.3281081020832062,0.3832553029060364,0.19226670265197754
42,0.3290991187095642,0.38324493169784546,0.19225995242595673
42,0.33009010553359985,0.3832496404647827,0.19227370619773865
42,0.3310810923576355,0.383230984210968,0.19223986566066742
42,0.33207207918167114,0.3832574188709259,0.1922556459903717
42,0.3330630660057068,0.38325220346450806,0.19226223230361938
42,0.33405405282974243,0.3832412362098694,0.1922757923603058
42,0.3350450396537781,0.3832564353942871,0.1922907531261444
42,0.3360360562801361,0.38326919078826904,0.1922784447669983
42,0.33702704310417175,0.38326168060302734,0.19226408004760742
42,0.3380180299282074,0.38322529196739197,0.19225136935710907
42,0.33900901675224304,0.3832140564918518,0.19226130843162537
42,0.3400000035762787,0.3832526206970215,0.19229435920715332
42,0.34099099040031433,0.3832830786705017,0.19224831461906433
42,0.34198197722435,0.383264422416687,0.19222590327262878
42,0.342972993850708,0.3832516372203827,0.1921723186969757
42,0.34396398067474365,0.3832430839538574,0.19217166304588318
42,0.3449549674987793,0.38322463631629944,0.19220273196697235
42,0.34594595432281494,0.38324111700057983,0.19218143820762634
42,0.3469369411468506,0.3832707405090332,0.19218727946281433
42,0.34792792797088623,0.38331282138824463,0.19220909476280212
42,0.3489189147949219,0.38333094120025635,0.19220417737960815
42,0.3499099314212799,0.3833044767379761,0.19218556582927704
42,0.35090091824531555,0.38327932357788086,0.19216501712799072
42,0.3518919050693512,0.3832845091819763,0.1921905279159546
42,0.35288289189338684,0.3833085596561432,0.192177414894104
42,0.3538738787174225,0.38329824805259705,0.19213759899139404
42,0.35486486554145813,0.38331499695777893,0.19212940335273743
42,0.3558558523654938,0.3833426833152771,0.19217662513256073
42,0.3568468689918518,0.38333410024642944,0.19220440089702606
42,0.35783785581588745,0.3833312392234802,0.1922062486410141
42,0.3588288426399231,0.38333311676979065,0.19220420718193054
42,0.35981982946395874,0.3833622932434082,0.1922420859336853
42,0.3608108162879944,0.3833833336830139,0.1922353208065033
42,0.36180180311203003,0.3833741843700409,0.19224688410758972
42,0.3627927899360657,0.3833714723587036,0.19223879277706146
42,0.3637838065624237,0.38337400555610657,0.19223164021968842
42,0.36477479338645935,0.383364200592041,0.19218814373016357
42,0.365765780210495,0.3833696246147156,0.19218775629997253
42,0.36675676703453064,0.3833719789981842,0.19220766425132751
42,0.3677477538585663,0.3833850622177124,0.1922340989112854
42,0.36873874068260193,0.38337182998657227,0.1922769993543625
42,0.3697297275066376,0.38336700201034546,0.19229689240455627
42,0.3707207441329956,0.3833816349506378,0.19226384162902832
42,0.37171173095703125,0.3834220767021179,0.19223469495773315
42,0.3727027177810669,0.38342416286468506,0.1922362893819809
42,0.37369370460510254,0.3834245800971985,0.1922164410352707
42,0.3746846914291382,0.38343656063079834,0.1921999156475067
42,0.37567567825317383,0.3834255337715149,0.19221967458724976
42,0.3766666650772095,0.3834054470062256,0.19221141934394836
42,0.3776576519012451,0.38338810205459595,0.192204087972641
42,0.37864866852760315,0.3834104537963867,0.19223618507385254
42,0.3796396553516388,0.383442223072052,0.19226573407649994
42,0.38063064217567444,0.3834524154663086,0.19227847456932068
42,0.3816216289997101,0.383442759513855,0.19227544963359833
42,0.3826126158237457,0.38345038890838623,0.19227080047130585
42,0.38360360264778137,0.3834627866744995,0.1923045814037323
42,0.384594589471817,0.3834438621997833,0.19228002429008484
42,0.38558560609817505,0.3834155797958374,0.1922292411327362
42,0.3865765929222107,0.38341036438941956,0.19220995903015137
42,0.38756757974624634,0.38342344760894775,0.1922294795513153
42,0.388558566570282,0.3833845257759094,0.19223695993423462
42,0.3895495533943176,0.3833770155906677,0.1922304928302765
42,0.39054054021835327,0.38340020179748535,0.19225351512432098
42,0.3915315270423889,0.3834265172481537,0.19229960441589355
42,0.39252254366874695,0.38343918323516846,0.1922912895679474
42,0.3935135304927826,0.3834110498428345,0.19228993356227875
42,0.39450451731681824,0.3833968937397003,0.19231264293193817
42,0.3954955041408539,0.3834041357040405,0.19233155250549316
42,0.3964864909648895,0.3834086060523987,0.19235166907310486
42,0.39747747778892517,0.3834106922149658,0.19233624637126923
42,0.3984684646129608,0.38341858983039856,0.19232027232646942
42,0.39945948123931885,0.38339823484420776,0.1922963559627533
42,0.4004504680633545,0.3833690285682678,0.192302867770195
42,0.40144145488739014,0.38334107398986816,0.1922997683286667
42,0.4024324417114258,0.3833460807800293,0.192317396402359
42,0.4034234285354614,0.383370965719223,0.19232547283172607
42,0.40441441535949707,0.38339900970458984,0.192326158285141
42,0.4054054021835327,0.383419394493103,0.1923569291830063
42,0.40639641880989075,0.3834282457828522,0.19234506785869598
42,0.4073874056339264,0.3834250569343567,0.19235551357269287
42,0.40837839245796204,0.3833884596824646,0.1923431009054184
42,0.4093693792819977,0.3834029734134674,0.19232547283172607
42,0.4103603661060333,0.38342463970184326,0.19231033325195312
42,0.41135135293006897,0.38342660665512085,0.19231319427490234
42,0.4123423397541046,0.38340553641319275,0.19232849776744843
42,0.41333335638046265,0.3833988606929779,0.1923377960920334
42,0.4143243432044983,0.3833974599838257,0.19236120581626892
42,0.41531533002853394,0.3833778202533722,0.19236692786216736
42,0.4163063168525696,0.38338056206703186,0.1923477053642273
42,0.4172973036766052,0.3833889067173004,0.19234566390514374
42,0.41828829050064087,0.38340842723846436,0.19238844513893127
42,0.4192792773246765,0.3834090232849121,0.19241712987422943
42,0.42027029395103455,0.3834013342857361,0.1923837959766388
42,0.4212612807750702,0.38340437412261963,0.19236068427562714
42,0.42225226759910583,0.38342440128326416,0.19236938655376434
42,0.4232432544231415,0.38340499997138977,0.19237452745437622
42,0.4242342412471771,0.3833985924720764,0.1923750638961792
42,0.42522522807121277,0.38340237736701965,0.19237308204174042
42,0.4262162148952484,0.3834133744239807,0.19237659871578217
42,0.42720723152160645,0.3834102749824524,0.192396342754364
42,0.4281982183456421,0.3834163546562195,0.1923963725566864
42,0.42918920516967773,0.38342219591140747,0.19238530099391937
42,0.4301801919937134,0.3834414482116699,0.19241712987422943
42,0.431171178817749,0.383436381816864,0.19242005050182343
42,0.43216216564178467,0.3834224343299866,0.1924244612455368
42,0.4331531524658203,0.38340795040130615,0.1924329251050949
42,0.43414413928985596,0.383417010307312,0.19242921471595764
42,0.435135155916214,0.38341024518013,0.19240061938762665
42,0.43612614274024963,0.3833969831466675,0.1923859566450119
42,0.4371171295642853,0.38340193033218384,0.19237153232097626
42,0.4381081163883209,0.3833928406238556,0.1923736035823822
42,0.43909910321235657,0.38337019085884094,0.19239476323127747
42,0.4400900900363922,0.38335832953453064,0.19241581857204437
42,0.44108107686042786,0.38337355852127075,0.19241613149642944
42,0.4420720934867859,0.3833850026130676,0.1924043893814087
42,0.44306308031082153,0.383389413356781,0.19238221645355225
42,0.4440540671348572,0.3833886384963989,0.19235730171203613
42,0.4450450539588928,0.38338857889175415,0.19235359132289886
42,0.44603604078292847,0.3834065794944763,0.19237422943115234
42,0.4470270276069641,0.38339728116989136,0.1923610419034958
42,0.44801801443099976,0.38338255882263184,0.19232633709907532
42,0.4490090310573578,0.38338637351989746,0.19232778251171112
42,0.45000001788139343,0.3834035396575928,0.19234299659729004
42,0.4509910047054291,0.38339075446128845,0.19233667850494385
42,0.4519819915294647,0.3833732604980469,0.19234418869018555
42,0.45297297835350037,0.3833828866481781,0.19237521290779114
42,0.453963965177536,0.38340243697166443,0.19237008690834045
42,0.45495495200157166,0.38339927792549133,0.19234299659729004
42,0.4559459686279297,0.38337647914886475,0.19232337176799774
42,0.45693695545196533,0.383356511592865,0.1923106610774994
42,0.457927942276001,0.3833320736885071,0.19232897460460663
42,0.4589189291000366,0.3833160996437073,0.19232594966888428
42,0.45990991592407227,0.3833020329475403,0.19231700897216797
42,0.4609009027481079,0.38333332538604736,0.19231510162353516
42,0.46189188957214355,0.3833468556404114,0.1923147737979889
42,0.4628829061985016,0.3833448886871338,0.19230961799621582
42,0.46387389302253723,0.3833359479904175,0.192317396402359
42,0.4648648798465729,0.38334208726882935,0.19229984283447266
42,0.4658558666706085,0.3833194673061371,0.19226448237895966
42,0.46684685349464417,0.38330477476119995,0.1922529637813568
42,0.4678378403186798,0.38333117961883545,0.19226613640785217
42,0.46882882714271545,0.38333672285079956,0.19227735698223114
42,0.4698198437690735,0.3833245038986206,0.19227156043052673
42,0.47081083059310913,0.38331061601638794,0.19228506088256836
42,0.4718018174171448,0.3833032548427582,0.1922752857208252
42,0.4727928042411804,0.3833127021789551,0.19226673245429993
42,0.47378379106521606,0.38331377506256104,0.19229185581207275
42,0.4747747778892517,0.38330820202827454,0.19228164851665497
42,0.47576576471328735,0.38329997658729553,0.19227290153503418
42,0.4767567813396454,0.38330674171447754,0.19227096438407898
42,0.47774776816368103,0.38331151008605957,0.19226543605327606
42,0.4787387549877167,0.38329827785491943,0.1922512948513031
42,0.4797297418117523,0.38329869508743286,0.19224713742733002
42,0.48072072863578796,0.38331708312034607,0.19226479530334473
42,0.4817117154598236,0.3833097815513611,0.19226908683776855
42,0.48270270228385925,0.3832996189594269,0.19225996732711792
42,0.4836937189102173,0.3832969665527344,0.19225721061229706
42,0.48468470573425293,0.38330528140068054,0.19228288531303406
42,0.4856756925582886,0.38331881165504456,0.19228379428386688
42,0.4866666793823242,0.383325457572937,0.1922590732574463
42,0.48765766620635986,0.38332903385162354,0.19226551055908203
42,0.4886486530303955,0.3833274245262146,0.192275732755661
42,0.48963963985443115,0.3833269476890564,0.19227366149425507
42,0.4906306564807892,0.38331449031829834,0.19225458800792694
42,0.49162164330482483,0.3833247721195221,0.19224950671195984
42,0.4926126301288605,0.38331982493400574,0.19222603738307953
42,0.4936036169528961,0.38331976532936096,0.1922096610069275
42,0.49459460377693176,0.3833220601081848,0.19222339987754822
42,0.4955855906009674,0.3833317458629608,0.19223754107952118
42,0.49657657742500305,0.38330239057540894,0.192256361246109
42,0.4975675940513611,0.3832889795303345,0.19226837158203125
42,0.49855858087539673,0.38329318165779114,0.19227001070976257
42,0.4995495676994324,0.3833182156085968,0.19226257503032684
42,0.500540554523468,0.383311003446579,0.1922401636838913
42,0.5015315413475037,0.38330212235450745,0.1922438144683838
42,0.5025225281715393,0.3832916021347046,0.19224679470062256
42,0.503513514995575,0.383293479681015,0.19224894046783447
42,0.5045045018196106,0.3832995891571045,0.1922507882118225
42,0.5054954886436462,0.38329124450683594,0.19222669303417206
42,0.5064864754676819,0.3832824230194092,0.19220590591430664
42,0.5074774622917175,0.38329431414604187,0.1922244280576706
42,0.5084684491157532,0.3832951784133911,0.19223521649837494
42,0.5094594359397888,0.3832862377166748,0.19222961366176605
42,0.5104504227638245,0.38329270482063293,0.1922185868024826
42,0.5114414095878601,0.3833041489124298,0.1922127902507782
42,0.5124323964118958,0.38331741094589233,0.192228302359581
42,0.5134233832359314,0.3833234906196594,0.19222062826156616
42,0.5144144296646118,0.3832884728908539,0.1921968311071396
42,0.5154054164886475,0.38327452540397644,0.19218021631240845
42,0.5163964033126831,0.38329192996025085,0.19216832518577576
42,0.5173873901367188,0.3832853436470032,0.19214801490306854
42,0.5183783769607544,0.3832762539386749,0.19214783608913422
42,0.51936936378479,0.3832951784133911,0.1921672821044922
42,0.5203603506088257,0.38328278064727783,0.19216060638427734
42,0.5213513374328613,0.38325729966163635,0.1921442449092865
42,0.522342324256897,0.383258581161499,0.19214877486228943
42,0.5233333110809326,0.3832620084285736,0.19216668605804443
42,0.5243242979049683,0.38326796889305115,0.1921679973602295
42,0.5253152847290039,0.38327938318252563,0.19216899573802948
42,0.5263062715530396,0.3832879066467285,0.19216486811637878
42,0.5272972583770752,0.38325536251068115,0.1921377182006836
42,0.5282883048057556,0.3832557797431946,0.19214510917663574
42,0.5292792916297913,0.3832560181617737,0.1921333372592926
42,0.5302702784538269,0.383241206407547,0.1921236217021942
42,0.5312612652778625,0.38323643803596497,0.19212579727172852
42,0.5322522521018982,0.3832286298274994,0.192138671875
42,0.5332432389259338,0.3832133412361145,0.19212722778320312
42,0.5342342257499695,0.3832419812679291,0.1921294927597046
42,0.5352252125740051,0.3832484781742096,0.19213718175888062
42,0.5362161993980408,0.38322123885154724,0.192103773355484
42,0.5372071862220764,0.38323068618774414,0.19210121035575867
42,0.5381981730461121,0.38323765993118286,0.1920970380306244
42,0.5391891598701477,0.3832460641860962,0.19209501147270203
42,0.5401801466941833,0.38324153423309326,0.1920933574438095
42,0.541171133518219,0.38320836424827576,0.1920880377292633
42,0.5421621799468994,0.38320422172546387,0.1920764446258545
42,0.5431531667709351,0.3832228183746338,0.1920740306377411
42,0.5441441535949707,0.3832286596298218,0.19207584857940674
42,0.5451351404190063,0.3832046389579773,0.19207307696342468
42,0.546126127243042,0.38317546248435974,0.1920609474182129
42,0.5471171140670776,0.38317835330963135,0.19207988679409027
42,0.5481081008911133,0.3831701874732971,0.19207236170768738
42,0.5490990877151489,0.3831590414047241,0.19203919172286987
42,0.5500900745391846,0.3831824064254761,0.19204553961753845
42,0.5510810613632202,0.383185476064682,0.1920493096113205
42,0.5520720481872559,0.38316619396209717,0.19205479323863983
42,0.5530630350112915,0.3831554651260376,0.19206532835960388
42,0.5540540218353271,0.3831447958946228,0.19204771518707275
42,0.5550450086593628,0.3831315040588379,0.1920175552368164
42,0.5560359954833984,0.38314175605773926,0.1920071840286255
42,0.5570270419120789,0.38315480947494507,0.19199761748313904
42,0.5580180287361145,0.3831465542316437,0.19200590252876282
42,0.5590090155601501,0.38313934206962585,0.19201204180717468
42,0.5600000023841858,0.38312068581581116,0.19200247526168823
42,0.5609909892082214,0.3831336200237274,0.1919952929019928
42,0.5619819760322571,0.38311806321144104,0.19198016822338104
42,0.5629729628562927,0.3831234276294708,0.1919814646244049
42,0.5639639496803284,0.38311731815338135,0.19197702407836914
42,0.564954936504364,0.3831311762332916,0.1919829249382019
42,0.5659459233283997,0.38312357664108276,0.19196149706840515
42,0.5669369101524353,0.3831276297569275,0.19196490943431854
42,0.567927896976471,0.38313373923301697,0.19196271896362305
42,0.5689188838005066,0.38313964009284973,0.19195763766765594
42,0.5699098706245422,0.38311320543289185,0.1919400691986084
42,0.5709009170532227,0.3831097185611725,0.19193318486213684
42,0.5718919038772583,0.3830932378768921,0.19191645085811615
42,0.572882890701294,0.38307541608810425,0.1919032335281372
42,0.5738738775253296,0.38309788703918457,0.19191458821296692
42,0.5748648643493652,0.3831160068511963,0.19192056357860565
42,0.5758558511734009,0.3830871284008026,0.19189852476119995
42,0.5768468379974365,0.3830588459968567,0.19188639521598816
42,0.5778378248214722,0.3830621838569641,0.19189521670341492
42,0.5788288116455078,0.38305777311325073,0.19188371300697327
42,0.5798197984695435,0.3830353021621704,0.19185695052146912
42,0.5808107852935791,0.38303184509277344,0.1918448805809021
42,0.5818017721176147,0.3830447494983673,0.19185051321983337
42,0.5827927589416504,0.38306769728660583,0.19186294078826904
42,0.583783745765686,0.38304629921913147,0.19185319542884827
42,0.5847747921943665,0.3829912841320038,0.19182536005973816
42,0.5857657790184021,0.38296061754226685,0.19180786609649658
42,0.5867567658424377,0.38294705748558044,0.19181446731090546
42,0.5877477526664734,0.38294923305511475,0.19181591272354126
42,0.588738739490509,0.3829552233219147,0.19181817770004272
42,0.5897297263145447,0.3829655051231384,0.1918070763349533
42,0.5907207131385803,0.3829692602157593,0.1918121576309204
42,0.591711699962616,0.3829725384712219,0.1918114423751831
42,0.5927026867866516,0.38297396898269653,0.19180838763713837
42,0.5936936736106873,0.38295742869377136,0.19177865982055664
42,0.5946846604347229,0.382973313331604,0.19177132844924927
42,0.5956756472587585,0.3829827904701233,0.1917732059955597
42,0.5966666340827942,0.3829701542854309,0.19176876544952393
42,0.5976576209068298,0.3829483091831207,0.1917622983455658
42,0.5986486673355103,0.3829548954963684,0.19176453351974487
42,0.5996396541595459,0.3829684853553772,0.19175754487514496
42,0.6006306409835815,0.3829610049724579,0.19173912703990936
42,0.6016216278076172,0.3829698860645294,0.19176284968852997
42,0.6026126146316528,0.38294124603271484,0.19176220893859863
42,0.6036036014556885,0.38291794061660767,0.19175243377685547
42,0.6045945882797241,0.3829050064086914,0.19175539910793304
42,0.6055855751037598,0.38291898369789124,0.19172856211662292
42,0.6065765619277954,0.38290321826934814,0.19170880317687988
42,0.607567548751831,0.38287585973739624,0.1916886568069458
42,0.6085585355758667,0.38287243247032166,0.1916998326778412
42,0.6095495223999023,0.382852703332901,0.19168353080749512
42,0.610540509223938,0.38284897804260254,0.19166895747184753
42,0.6115314960479736,0.38282865285873413,0.19165071845054626
42,0.612522542476654,0.38283079862594604,0.19163808226585388
42,0.6135135293006897,0.382848858833313,0.19164785742759705
42,0.6145045161247253,0.38285231590270996,0.19164375960826874
42,0.615495502948761,0.38284146785736084,0.19163906574249268
42,0.6164864897727966,0.3828217387199402,0.1916242241859436
42,0.6174774765968323,0.38283997774124146,0.19163164496421814
42,0.6184684634208679,0.3828448951244354,0.19161438941955566
42,0.6194594502449036,0.38283130526542664,0.19159400463104248
42,0.6204504370689392,0.3828330934047699,0.1915799230337143
42,0.6214414238929749,0.38282179832458496,0.19157633185386658
42,0.6224324107170105,0.38283613324165344,0.191585510969162
42,0.6234233975410461,0.38283267617225647,0.19158565998077393
42,0.6244143843650818,0.38278722763061523,0.191560298204422
42,0.6254053711891174,0.3827579915523529,0.1915428638458252
42,0.6263963580131531,0.3827674388885498,0.19155514240264893
42,0.6273874044418335,0.38277149200439453,0.19156011939048767
42,0.6283783912658691,0.3827317953109741,0.19152572751045227
42,0.6293693780899048,0.38275063037872314,0.1915307641029358
42,0.6303603649139404,0.3827429413795471,0.19153496623039246
42,0.6313513517379761,0.3827226161956787,0.19152294099330902
42,0.6323423385620117,0.3827281594276428,0.1915307343006134
42,0.6333333253860474,0.3827160894870758,0.19152259826660156
42,0.634324312210083,0.38268646597862244,0.1914941519498825
42,0.6353152990341187,0.3826712369918823,0.19148389995098114
42,0.6363062858581543,0.3826567530632019,0.19148603081703186
42,0.6372972726821899,0.38266146183013916,0.19148191809654236
42,0.6382882595062256,0.3826817274093628,0.1914849877357483
42,0.6392792463302612,0.3826935291290283,0.19148504734039307
42,0.6402702331542969,0.382703959941864,0.19147633016109467
42,0.6412612795829773,0.38267791271209717,0.1914670765399933
42,0.6422522664070129,0.38265156745910645,0.19145946204662323
42,0.6432432532310486,0.38264089822769165,0.19144180417060852
42,0.6442342400550842,0.38265854120254517,0.19143354892730713
42,0.6452252268791199,0.38268065452575684,0.19143670797348022
42,0.6462162137031555,0.38265830278396606,0.1914312094449997
42,0.6472072005271912,0.3826455771923065,0.19143569469451904
42,0.6481981873512268,0.3826279044151306,0.1914256066083908
42,0.6491891741752625,0.38260889053344727,0.19141802191734314
42,0.6501801609992981,0.3826264441013336,0.1914028376340866
42,0.6511711478233337,0.3826109766960144,0.19140200316905975
42,0.6521621346473694,0.3826143145561218,0.1914055049419403
42,0.653153121471405,0.38263875246047974,0.19142305850982666
42,0.6541441082954407,0.3826592266559601,0.19143736362457275
42,0.6551351547241211,0.38263168931007385,0.19140088558197021
42,0.6561261415481567,0.3826350271701813,0.19138726592063904
42,0.6571171283721924,0.38265109062194824,0.19138699769973755
42,0.658108115196228,0.3826625943183899,0.19138555228710175
42,0.6590991020202637,0.38261348009109497,0.1913701295852661
42,0.6600900888442993,0.3825777769088745,0.1913515031337738
42,0.661081075668335,0.38256049156188965,0.19133996963500977
42,0.6620720624923706,0.3825687766075134,0.19133260846138
42,0.6630630493164062,0.3825835585594177,0.19133874773979187
42,0.6640540361404419,0.38256680965423584,0.19132256507873535
42,0.6650450229644775,0.3825705647468567,0.19134394824504852
42,0.6660360097885132,0.38254469633102417,0.1913454830646515
42,0.6670269966125488,0.3825405240058899,0.19135528802871704
42,0.6680179834365845,0.3825421929359436,0.19134733080863953
42,0.6690090298652649,0.3825299143791199,0.19133421778678894
42,0.6700000166893005,0.3825380504131317,0.19132575392723083
42,0.6709910035133362,0.3825565576553345,0.191335529088974
42,0.6719819903373718,0.3825433850288391,0.1913234442472458
42,0.6729729771614075,0.38253164291381836,0.19132249057292938
42,0.6739639639854431,0.3825359642505646,0.19131529331207275
42,0.6749549508094788,0.3825513422489166,0.1913197934627533
42,0.6759459376335144,0.38254278898239136,0.1913190335035324
42,0.67693692445755,0.38252687454223633,0.19129912555217743
42,0.6779279112815857,0.3825351297855377,0.1913066804409027
42,0.6789188981056213,0.3825480341911316,0.19132284820079803
42,0.679909884929657,0.38252389430999756,0.1912941187620163
42,0.6809008717536926,0.3825376033782959,0.19130298495292664
42,0.6818918585777283,0.38253054022789,0.19130277633666992
42,0.6828829050064087,0.38253968954086304,0.19129487872123718
42,0.6838738918304443,0.3825608491897583,0.1912916898727417
42,0.68486487865448,0.3825562000274658,0.19127999246120453
42,0.6858558654785156,0.38253360986709595,0.19126975536346436
42,0.6868468523025513,0.3825076222419739,0.19126689434051514
42,0.6878378391265869,0.3825097680091858,0.19127431511878967
42,0.6888288259506226,0.3825114071369171,0.19125699996948242
42,0.6898198127746582,0.38250210881233215,0.1912522315979004
42,0.6908107995986938,0.3824894428253174,0.19124814867973328
42,0.6918017864227295,0.3824930191040039,0.19124910235404968
42,0.6927927732467651,0.3824900984764099,0.19125783443450928
42,0.6937837600708008,0.3824976682662964,0.1912573277950287
42,0.6947747468948364,0.3825046420097351,0.1912485659122467
42,0.6957657337188721,0.38250207901000977,0.19124625623226166
42,0.6967567205429077,0.38250085711479187,0.19125962257385254
42,0.6977477669715881,0.3825027346611023,0.19126459956169128
42,0.6987387537956238,0.38249045610427856,0.19124512374401093
42,0.6997297406196594,0.3824770152568817,0.1912282407283783
42,0.7007207274436951,0.3824787735939026,0.1912153959274292
42,0.7017117142677307,0.3825007379055023,0.19122526049613953
42,0.7027027010917664,0.38251328468322754,0.19123399257659912
42,0.703693687915802,0.3824999928474426,0.191231369972229
42,0.7046846747398376,0.3824865221977234,0.1912287473678589
42,0.7056756615638733,0.382495641708374,0.19123797118663788
42,0.7066666483879089,0.3824928402900696,0.19122833013534546
42,0.7076576352119446,0.382488489151001,0.1912062019109726
42,0.7086486220359802,0.38248851895332336,0.19120173156261444
42,0.7096396088600159,0.3824848532676697,0.1911977231502533
42,0.7106305956840515,0.3824668526649475,0.19119040668010712
42,0.7116216421127319,0.3824571371078491,0.19117850065231323
42,0.7126126289367676,0.3824576735496521,0.19117097556591034
42,0.7136036157608032,0.38245251774787903,0.19115233421325684
42,0.7145946025848389,0.3824620246887207,0.19116978347301483
42,0.7155855894088745,0.3824493885040283,0.19117984175682068
42,0.7165765762329102,0.3824270963668823,0.19116604328155518
42,0.7175675630569458,0.3824252486228943,0.19116716086864471
42,0.7185585498809814,0.38243889808654785,0.19116853177547455
42,0.7195495367050171,0.3824445605278015,0.19115343689918518
42,0.7205405235290527,0.3824290931224823,0.19114665687084198
42,0.7215315103530884,0.382423996925354,0.1911393404006958
42,0.722522497177124,0.382426381111145,0.19113211333751678
42,0.7235134840011597,0.3824338912963867,0.19113215804100037
42,0.7245044708251953,0.3824161887168884,0.19112920761108398
42,0.7254955172538757,0.38241419196128845,0.19112253189086914
42,0.7264865040779114,0.38243401050567627,0.19111868739128113
42,0.727477490901947,0.3824530839920044,0.19113004207611084
42,0.7284684777259827,0.38244855403900146,0.19111308455467224
42,0.7294594645500183,0.382429838180542,0.19109946489334106
42,0.730450451374054,0.38242822885513306,0.1911058872938156
42,0.7314414381980896,0.3824203610420227,0.1910986602306366
42,0.7324324250221252,0.38242655992507935,0.19110333919525146
42,0.7334234118461609,0.38244950771331787,0.19110362231731415
42,0.7344143986701965,0.3824414610862732,0.19108793139457703
42,0.7354053854942322,0.38242512941360474,0.19107839465141296
42,0.7363963723182678,0.38243424892425537,0.19109654426574707
42,0.7373873591423035,0.3824256658554077,0.1910950243473053
42,0.7383783459663391,0.3824048340320587,0.19106414914131165
42,0.7393693923950195,0.3823956251144409,0.1910555064678192
42,0.7403603792190552,0.3823825716972351,0.19104665517807007
42,0.7413513660430908,0.3823642432689667,0.19104108214378357
42,0.7423423528671265,0.38235825300216675,0.19103436172008514
42,0.7433333396911621,0.3823395371437073,0.19102367758750916
42,0.7443243265151978,0.38235029578208923,0.19102945923805237
42,0.7453153133392334,0.3823559284210205,0.19103705883026123
42,0.746306300163269,0.38236939907073975,0.191038578748703
42,0.7472972869873047,0.38236725330352783,0.19103124737739563
42,0.7482882738113403,0.38235434889793396,0.19102761149406433
42,0.749279260635376,0.38233792781829834,0.19101236760616302
42,0.7502702474594116,0.3823246359825134,0.19100022315979004
42,0.7512612342834473,0.3823261559009552,0.19099244475364685
42,0.7522522211074829,0.38232243061065674,0.19098815321922302
42,0.7532432079315186,0.38233673572540283,0.19099518656730652
42,0.754234254360199,0.3823399543762207,0.1910068392753601
42,0.7552252411842346,0.3823152482509613,0.19099128246307373
42,0.7562162280082703,0.38229888677597046,0.1909703016281128
42,0.7572072148323059,0.3823169469833374,0.19097399711608887
42,0.7581982016563416,0.38233399391174316,0.19097304344177246
42,0.7591891884803772,0.3823230266571045,0.1909661740064621
42,0.7601801753044128,0.38230764865875244,0.1909591406583786
42,0.7611711621284485,0.3823126256465912,0.19096577167510986
42,0.7621621489524841,0.3823048770427704,0.19095449149608612
42,0.7631531357765198,0.3823028802871704,0.19094741344451904
42,0.7641441226005554,0.3823097050189972,0.19094257056713104
42,0.7651351094245911,0.3823184370994568,0.19094809889793396
42,0.7661260962486267,0.38231101632118225,0.19094257056713104
42,0.7671170830726624,0.382313072681427,0.19095967710018158
42,0.7681081295013428,0.38231176137924194,0.19096116721630096
42,0.7690991163253784,0.38229817152023315,0.19094601273536682
42,0.7700901031494141,0.3822839856147766,0.19093668460845947
42,0.7710810899734497,0.3822975754737854,0.1909525990486145
42,0.7720720767974854,0.38230496644973755,0.1909535825252533
42,0.773063063621521,0.38230109214782715,0.1909491866827011
42,0.7740540504455566,0.38228267431259155,0.19093084335327148
42,0.7750450372695923,0.382276713848114,0.19092988967895508
42,0.7760360240936279,0.38229215145111084,0.1909375637769699
42,0.7770270109176636,0.38229531049728394,0.19094029068946838
42,0.7780179977416992,0.38229429721832275,0.1909290850162506
42,0.7790089845657349,0.3822901248931885,0.19093084335327148
42,0.7799999713897705,0.38230007886886597,0.19094181060791016
42,0.7809909582138062,0.3823060989379883,0.19094443321228027
42,0.7819820046424866,0.3823156952857971,0.19095486402511597
42,0.7829729914665222,0.3823212683200836,0.19094686210155487
42,0.7839639782905579,0.38232529163360596,0.1909376084804535
42,0.7849549651145935,0.38232481479644775,0.19093744456768036
42,0.7859459519386292,0.3823174238204956,0.19093310832977295
42,0.7869369387626648,0.3823069930076599,0.19092409312725067
42,0.7879279255867004,0.38232988119125366,0.19094114005565643
42,0.7889189124107361,0.3823581039905548,0.1909545511007309
42,0.7899098992347717,0.3823423385620117,0.1909332275390625
42,0.7909008860588074,0.38233134150505066,0.19092324376106262
42,0.791891872882843,0.38234129548072815,0.19092592597007751
42,0.7928828597068787,0.38233956694602966,0.19092467427253723
42,0.7938738465309143,0.3823213279247284,0.19091753661632538
42,0.79486483335495,0.3823082745075226,0.19091975688934326
42,0.7958558797836304,0.38231855630874634,0.19091622531414032
42,0.796846866607666,0.38232678174972534,0.1909274309873581
42,0.7978378534317017,0.3823274075984955,0.19092915952205658
42,0.7988288402557373,0.38232824206352234,0.1909256875514984
42,0.799819827079773,0.38231465220451355,0.19091914594173431
42,0.8008108139038086,0.38230863213539124,0.1909056007862091
42,0.8018018007278442,0.382304847240448,0.19090458750724792
42,0.8027927875518799,0.38231343030929565,0.190902978181839
42,0.8037837743759155,0.382312536239624,0.1909032166004181
42,0.8047747611999512,0.3823026716709137,0.19088631868362427
42,0.8057657480239868,0.3823056221008301,0.190890833735466
42,0.8067567348480225,0.3823195695877075,0.19090819358825684
42,0.8077477216720581,0.38232776522636414,0.1908976435661316
42,0.8087387084960938,0.3823172152042389,0.19089172780513763
42,0.8097296953201294,0.3823235034942627,0.19089536368846893
42,0.8107207417488098,0.3823294937610626,0.19090211391448975
42,0.8117117285728455,0.382315993309021,0.19088797271251678
42,0.8127027153968811,0.38230371475219727,0.1908780336380005
42,0.8136937022209167,0.3822987675666809,0.19086484611034393
42,0.8146846890449524,0.3823060393333435,0.19086843729019165
42,0.815675675868988,0.38231733441352844,0.19088439643383026
42,0.8166666626930237,0.38233092427253723,0.1908944547176361
42,0.8176576495170593,0.38231322169303894,0.19087950885295868
42,0.818648636341095,0.38230377435684204,0.19087940454483032
42,0.8196396231651306,0.3823125958442688,0.1908821314573288
42,0.8206306099891663,0.38231223821640015,0.19087766110897064
42,0.8216215968132019,0.382293701171875,0.19085821509361267
42,0.8226125836372375,0.3823065459728241,0.1908656358718872
42,0.8236035704612732,0.3823205828666687,0.1908702254295349
42,0.8245946168899536,0.38231438398361206,0.1908716857433319
42,0.8255856037139893,0.3823096752166748,0.1908717006444931
42,0.8265765905380249,0.3823201656341553,0.19087205827236176
42,0.8275675773620605,0.3823259472846985,0.19086162745952606
42,0.8285585641860962,0.38231849670410156,0.19086262583732605
42,0.8295495510101318,0.3823113441467285,0.19085723161697388
42,0.8305405378341675,0.3823077082633972,0.19086329638957977
42,0.8315315246582031,0.3823089897632599,0.1908629834651947
42,0.8325225114822388,0.38229823112487793,0.19085031747817993
42,0.8335134983062744,0.3823058009147644,0.19085930287837982
42,0.8345044851303101,0.3823089003562927,0.19086316227912903
42,0.8354954719543457,0.3823111653327942,0.1908576935529709
42,0.8364864587783813,0.3823111057281494,0.19086119532585144
42,0.837477445602417,0.38232365250587463,0.1908758580684662
42,0.8384684920310974,0.3823171854019165,0.1908661127090454
42,0.8394594788551331,0.38230395317077637,0.19085517525672913
42,0.8404504656791687,0.3823033571243286,0.19086146354675293
42,0.8414414525032043,0.3823092579841614,0.19085952639579773
42,0.84243243932724,0.38230711221694946,0.19086217880249023
42,0.8434234261512756,0.3823009729385376,0.19085848331451416
42,0.8444144129753113,0.3822968900203705,0.1908555030822754
42,0.8454053997993469,0.38230279088020325,0.190860778093338
42,0.8463963866233826,0.3823177218437195,0.19086526334285736
42,0.8473873734474182,0.38231897354125977,0.19086283445358276
42,0.8483783602714539,0.3822975754737854,0.19084271788597107
42,0.8493693470954895,0.38229358196258545,0.19084855914115906
42,0.8503603339195251,0.38230592012405396,0.19085776805877686
42,0.8513513207435608,0.3823079466819763,0.19085893034934998
42,0.8523423671722412,0.38228166103363037,0.19083905220031738
42,0.8533333539962769,0.38228076696395874,0.19083702564239502
42,0.8543243408203125,0.38229823112487793,0.1908429116010666
42,0.8553153276443481,0.3822924494743347,0.1908445805311203
42,0.8563063144683838,0.3822736144065857,0.1908312290906906
42,0.8572973012924194,0.38225629925727844,0.1908172369003296
42,0.8582882881164551,0.3822675943374634,0.19083130359649658
42,0.8592792749404907,0.3822699785232544,0.19083809852600098
42,0.8602702617645264,0.38227951526641846,0.1908460557460785
42,0.861261248588562,0.38227972388267517,0.1908462941646576
42,0.8622522354125977,0.3822917342185974,0.19085285067558289
42,0.8632432222366333,0.38228848576545715,0.19084809720516205
42,0.864234209060669,0.38228121399879456,0.19084522128105164
42,0.8652251958847046,0.38230037689208984,0.19085757434368134
42,0.866216242313385,0.38229867815971375,0.19085144996643066
42,0.8672072291374207,0.38228559494018555,0.19084101915359497
42,0.8681982159614563,0.3822976052761078,0.190858393907547
42,0.8691892027854919,0.38230347633361816,0.19085709750652313
42,0.8701801896095276,0.38230833411216736,0.19086292386054993
42,0.8711711764335632,0.382297158241272,0.1908564567565918
42,0.8721621632575989,0.3823131322860718,0.19085800647735596
42,0.8731531500816345,0.38230419158935547,0.1908470094203949
42,0.8741441369056702,0.38230156898498535,0.19085431098937988
42,0.8751351237297058,0.38229939341545105,0.1908540427684784
42,0.8761261105537415,0.38229086995124817,0.19084545969963074
42,0.8771170973777771,0.38230136036872864,0.19084829092025757
42,0.8781080842018127,0.3823072910308838,0.19084897637367249
42,0.8790990710258484,0.3822930157184601,0.1908339560031891
42,0.880090057849884,0.3823050856590271,0.1908455193042755
42,0.8810811042785645,0.38231897354125977,0.1908591240644455
42,0.8820720911026001,0.3823232650756836,0.19085702300071716
42,0.8830630779266357,0.38231152296066284,0.19085311889648438
42,0.8840540647506714,0.38230520486831665,0.19084523618221283
42,0.885045051574707,0.3822978734970093,0.19083577394485474
42,0.8860360383987427,0.3823033571243286,0.19084125757217407
42,0.8870270252227783,0.38230010867118835,0.1908441036939621
42,0.888018012046814,0.38229331374168396,0.1908365935087204
42,0.8890089988708496,0.38230860233306885,0.1908501237630844
42,0.8899999856948853,0.38231098651885986,0.19085507094860077
42,0.8909909725189209,0.38230058550834656,0.19084212183952332
42,0.8919819593429565,0.38229188323020935,0.19083409011363983
42,0.8929729461669922,0.3823028802871704,0.19083425402641296
42,0.8939639329910278,0.38230153918266296,0.1908414661884308
42,0.8949549794197083,0.3822977542877197,0.19084088504314423
42,0.8959459662437439,0.3823046088218689,0.19084486365318298
42,0.8969369530677795,0.3823035955429077,0.19083818793296814
42,0.8979279398918152,0.3823125958442688,0.1908429116010666
42,0.8989189267158508,0.382320374250412,0.19085103273391724
42,0.8999099135398865,0.3823149800300598,0.1908450573682785
42,0.9009009003639221,0.3823223114013672,0.190852552652359
42,0.9018918871879578,0.38232097029685974,0.19085246324539185
42,0.9028828740119934,0.382321298122406,0.19084779918193817
42,0.903873860836029,0.3823137879371643,0.1908421516418457
42,0.9048648476600647,0.38232794404029846,0.19084987044334412
42,0.9058558344841003,0.38232797384262085,0.19084662199020386
42,0.906846821308136,0.3823227286338806,0.19084152579307556
42,0.9078378081321716,0.38233593106269836,0.19085106253623962
42,0.908828854560852,0.3823407292366028,0.19085441529750824
42,0.9098198413848877,0.38234418630599976,0.19085121154785156
42,0.9108108282089233,0.38234943151474,0.19085489213466644
42,0.911801815032959,0.38235509395599365,0.19085627794265747
42,0.9127928018569946,0.3823651075363159,0.19086572527885437
42,0.9137837886810303,0.3823646306991577,0.19086241722106934
42,0.9147747755050659,0.3823721706867218,0.1908622682094574
42,0.9157657623291016,0.3823834955692291,0.19086825847625732
42,0.9167567491531372,0.3823954463005066,0.19087593257427216
42,0.9177477359771729,0.38238686323165894,0.19086632132530212
42,0.9187387228012085,0.38238590955734253,0.19086456298828125
42,0.9197297096252441,0.3823949098587036,0.19087165594100952
42,0.9207206964492798,0.3824005722999573,0.1908721774816513
42,0.9217116832733154,0.38239380717277527,0.19086728990077972
42,0.9227027297019958,0.3823961913585663,0.19087330996990204
42,0.9236937165260315,0.38240474462509155,0.19087736308574677
42,0.9246847033500671,0.38242316246032715,0.19088837504386902
42,0.9256756901741028,0.38242486119270325,0.19089441001415253
42,0.9266666769981384,0.3824315667152405,0.1909012794494629
42,0.9276576638221741,0.38242849707603455,0.19089755415916443
42,0.9286486506462097,0.3824447989463806,0.19090960919857025
42,0.9296396374702454,0.38245120644569397,0.19091540575027466
42,0.930630624294281,0.3824627995491028,0.1909274309873581
42,0.9316216111183167,0.3824761211872101,0.19093166291713715
42,0.9326125979423523,0.38248786330223083,0.1909402310848236
42,0.9336035847663879,0.3824959397315979,0.19094638526439667
42,0.9345945715904236,0.38250505924224854,0.19095224142074585
42,0.9355855584144592,0.3825100064277649,0.190951406955719
42,0.9365766048431396,0.38251134753227234,0.19095194339752197
42,0.9375675916671753,0.38251373171806335,0.1909554898738861
42,0.9385585784912109,0.38252636790275574,0.19096553325653076
42,0.9395495653152466,0.3825409412384033,0.19097380340099335
42,0.9405405521392822,0.3825376629829407,0.19097179174423218
42,0.9415315389633179,0.3825363516807556,0.19097211956977844
42,0.9425225257873535,0.382534384727478,0.1909680813550949
42,0.9435135126113892,0.3825545310974121,0.19098085165023804
42,0.9445044994354248,0.3825567960739136,0.190985307097435
42,0.9454954862594604,0.3825575113296509,0.1909867525100708
42,0.9464864730834961,0.3825448155403137,0.190984845161438
42,0.9474774599075317,0.38254982233047485,0.19098632037639618
42,0.9484684467315674,0.3825569748878479,0.19098740816116333
42,0.949459433555603,0.3825575113296509,0.19098405539989471
42,0.9504504203796387,0.38255593180656433,0.19098925590515137
42,0.9514414668083191,0.38255244493484497,0.1909898966550827
42,0.9524324536323547,0.38252854347229004,0.19097739458084106
42,0.9534234404563904,0.3825187087059021,0.1909753531217575
42,0.954414427280426,0.3825177848339081,0.1909734010696411
42,0.9554054141044617,0.382516086101532,0.1909707635641098
42,0.9563964009284973,0.3825024366378784,0.19096419215202332
42,0.957387387752533,0.38249191641807556,0.1909649819135666
42,0.9583783745765686,0.3824780583381653,0.19096100330352783
42,0.9593693614006042,0.38248810172080994,0.1909702718257904
42,0.9603603482246399,0.38248974084854126,0.19097355008125305
42,0.9613513350486755,0.3824867010116577,0.1909775584936142
42,0.9623423218727112,0.3825002610683441,0.1909901201725006
42,0.9633333086967468,0.38251596689224243,0.19100098311901093
42,0.9643242955207825,0.38252705335617065,0.19100844860076904
42,0.9653153419494629,0.3825450539588928,0.19102203845977783
42,0.9663063287734985,0.38256561756134033,0.19103622436523438
42,0.9672973155975342,0.3825676441192627,0.19103825092315674
42,0.9682883024215698,0.3825739622116089,0.1910460889339447
42,0.9692792892456055,0.3826056718826294,0.19106559455394745
42,0.9702702760696411,0.38262689113616943,0.19107872247695923
42,0.9712612628936768,0.38263046741485596,0.19108211994171143
42,0.9722522497177124,0.3826426863670349,0.19109424948692322
42,0.973243236541748,0.38266000151634216,0.19110338389873505
42,0.9742342233657837,0.3826829195022583,0.19111815094947815
42,0.9752252101898193,0.3827180862426758,0.19114091992378235
42,0.976216197013855,0.3827395439147949,0.1911557912826538
42,0.9772071838378906,0.3827580511569977,0.19116996228694916
42,0.9781981706619263,0.38278740644454956,0.19118821620941162
42,0.9791892170906067,0.3828197717666626,0.19120609760284424
42,0.9801802039146423,0.38283783197402954,0.1912209689617157
42,0.981171190738678,0.382871150970459,0.19124440848827362
42,0.9821621775627136,0.3829004764556885,0.19126562774181366
42,0.9831531643867493,0.38293468952178955,0.19128689169883728
42,0.9841441512107849,0.3829679489135742,0.19130748510360718
42,0.9851351380348206,0.3829959034919739,0.1913236826658249
42,0.9861261248588562,0.3830074667930603,0.19133293628692627
42,0.9871171116828918,0.3830379247665405,0.19134819507598877
42,0.9881080985069275,0.3830849826335907,0.19137272238731384
42,0.9890990853309631,0.38310086727142334,0.19138126075267792
42,0.9900900721549988,0.38311344385147095,0.19138208031654358
42,0.9910810589790344,0.3831118941307068,0.1913733184337616
42,0.9920720458030701,0.3831431269645691,0.1913849115371704
42,0.9930630922317505,0.38319364190101624,0.19140517711639404
42,0.9940540790557861,0.38327038288116455,0.19143866002559662
42,0.9950450658798218,0.38333603739738464,0.19146327674388885
42,0.9960360527038574,0.38341474533081055,0.19149979948997498
42,0.9970270395278931,0.3835252523422241,0.19154784083366394
42,0.9980180263519287,0.3836756944656372,0.19161421060562134
42,0.9990090131759644,0.38391274213790894,0.19173017144203186
42,1.0,0.38447320461273193,0.19201630353927612
